,property_id,address,street_name,city,rstate,postcode,price,zestimate,bedroom_number,bathroom_number,price_per_unit,living_space,land_space,property_type,property_status,agency_name
0,59169678,"8 Gloucester St APT 12, Boston, MA 02115",Gloucester St APT 12,Boston,MA,2115,1175000,1202100,2,2,1019,1153,1306.8,CONDO,FOR_SALE,Engel & Volkers Boston
3,59101641,"31 Homestead St #1, Boston, MA 02121",Homestead St #1,Boston,MA,2121,455000,461100,3,2,369,1232,1306.8,CONDO,FOR_SALE,Unlimited Sotheby's International Realty
7,59171381,"386 Riverway APT 2, Boston, MA 02115",Riverway APT 2,Boston,MA,2115,495000,590100,1,1,529,934,934.0,CONDO,FOR_SALE,"Longwood Residential, LLC"
8,189924486,"87-89 Nottinghill Rd, Boston, MA 02135",89 Nottinghill Rd,Boston,MA,2135,999000,999000,4,4,403,2478,2613.6,MULTI_FAMILY,FOR_SALE,Donnelly + Co.
12,118162434,"301 Chestnut Ave #1, Boston, MA 02130",Chestnut Ave #1,Boston,MA,2130,799000,814700,2,2,700,1141,1306.8,CONDO,FOR_SALE,McCormack & Scanlan Real Estate
15,59188486,"402 Marlborough St APT 1, Boston, MA 02115",Marlborough St APT 1,Boston,MA,2115,1179000,1178600,1,2,1023,1152,1306.8,CONDO,FOR_SALE,Compass
17,81854345,"65 Highland St #2, Boston, MA 02119",Highland St #2,Boston,MA,2119,739000,739000,3,2,479,1540,1742.4,CONDO,FOR_SALE,Keller Williams Realty Boston-Metro | Back Bay
21,59168062,"30 Peterborough St APT 34, Boston, MA 02215",Peterborough St APT 34,Boston,MA,2215,585000,586000,1,1,887,659,871.2,CONDO,FOR_SALE,Symphony Properties
24,81858046,"12 Stoneholm St APT 315, Boston, MA 02115",Stoneholm St APT 315,Boston,MA,2115,519000,518800,1,1,1474,352,435.6,CONDO,FOR_SALE,"Midtown Properties, Inc."
25,81857998,"108 Peterborough St APT 6A, Boston, MA 02215",Peterborough St APT 6A,Boston,MA,2215,649000,649700,1,1,1046,620,620.0,CONDO,FOR_SALE,"New Wave Boston Real Estate, LLC"
32,190005995,"820-824 Huntington Ave, Boston, MA 02115",824 Huntington Ave,Boston,MA,2115,2999000,2879000,10,6,632,4740,1500.0,MULTI_FAMILY,FOR_SALE,Advisors Living - Back Bay
36,59091876,"7 Saybrook St #1, Boston, MA 02135",Saybrook St #1,Boston,MA,2135,469000,431000,2,1,563,832,871.2,CONDO,FOR_SALE,Penrose Realty
37,2085579554,"5 Braemore Rd APT 5, Boston, MA 02135",Braemore Rd APT 5,Boston,MA,2135,339999,355900,1,1,883,385,435.6,CONDO,FOR_SALE,Penrose Realty
49,2085159874,"117 Sutherland Rd #117, Boston, MA 02135",Sutherland Rd #117,Boston,MA,2135,1249000,1249000,3,3,378,3300,2362.0,CONDO,FOR_SALE,Red Tree Real Estate
53,59212696,"36 Symphony Rd APT 4A, Boston, MA 02115",Symphony Rd APT 4A,Boston,MA,2115,1049000,1036500,3,2,920,1140,1306.8,CONDO,FOR_SALE,Leading Edge Real Estate
57,59177283,"65 Burbank St APT 14, Boston, MA 02115",Burbank St APT 14,Boston,MA,2115,499000,496000,1,1,1087,459,459.0,CONDO,FOR_SALE,Linnane Real Estate
59,59172993,"138 Saint Botolph St, Boston, MA 02115",Saint Botolph St,Boston,MA,2115,5495000,5278400,5,5,1077,5098,2178.0,SINGLE_FAMILY,FOR_SALE,Sprogis & Neale Real Estate
62,59177003,"51 Hemenway St APT 1, Boston, MA 02115",Hemenway St APT 1,Boston,MA,2115,750000,735700,2,1,870,862,862.0,CONDO,FOR_SALE,eXp Realty
66,59169052,"27 Hereford St, Boston, MA 02115",Hereford St,Boston,MA,2115,4999999,4575300,5,4,1337,3737,1742.4,SINGLE_FAMILY,FOR_SALE,Centre Realty Group
67,59169848,"352 Marlborough St, Boston, MA 02115",Marlborough St,Boston,MA,2115,9750000,9750000,4,7,2050,4754,1.0,SINGLE_FAMILY,FOR_SALE,MGS Group Real Estate LTD
68,2066674445,"126 Marion St, Boston, MA 02128",Marion St,Boston,MA,2128,1489000,1489000,8,6,335,4440,2613.6,MULTI_FAMILY,FOR_SALE,Benjamin Realty
74,59173708,"61 W Cedar St #2, Boston, MA 02114",W Cedar St #2,Boston,MA,2114,869000,869000,2,1,1158,750,871.2,CONDO,FOR_SALE,Setrakian Realty Co.
76,59171698,"79 Dartmouth St #2, Boston, MA 02116",Dartmouth St #2,Boston,MA,2116,1075000,1026000,2,2,1113,965,965.0,CONDO,FOR_SALE,Realty Executives Boston West
77,59164404,"100 Fulton St #3K, Boston, MA 02109",Fulton St #3K,Boston,MA,2109,710000,776700,1,1,920,771,871.2,CONDO,FOR_SALE,Compass
84,59211266,"1387 Washington St APT 504, Boston, MA 02118",Washington St APT 504,Boston,MA,2118,995000,1114200,2,2,851,1168,1306.8,CONDO,FOR_SALE,Coldwell Banker Realty - South End
91,59165005,"2 Clarendon St APT 102, Boston, MA 02116",Clarendon St APT 102,Boston,MA,2116,989000,980500,2,2,1042,949,949.0,CONDO,FOR_SALE,William Raveis R.E. & Home Services
92,2092804145,"8 Howell St #1, Boston, MA 02125",Howell St #1,Boston,MA,2125,849000,737500,3,2,494,1716,1742.4,CONDO,FOR_SALE,Gibson Sotheby's International Realty
93,59163504,"8 Whittier Pl APT 11D, Boston, MA 02114",Whittier Pl APT 11D,Boston,MA,2114,534900,557400,1,1,614,871,871.2,CONDO,FOR_SALE,Leading Edge Real Estate
95,60112593,"7 Charles St, Boston, MA 02129",Charles St,Boston,MA,2129,1399000,1198900,3,4,635,2200,1306.8,SINGLE_FAMILY,FOR_SALE,Coldwell Banker Realty - Charlestown
99,90136038,"58 E Springfield St #5, Boston, MA 02118",E Springfield St #5,Boston,MA,2118,699000,745800,2,1,964,725,871.2,CONDO,FOR_SALE,Arris Realty
103,2102669520,"304 Shawmut Ave, Boston, MA 02118",Shawmut Ave,Boston,MA,2118,4200000,4766400,7,6,1084,3872,1870.0,MULTI_FAMILY,FOR_SALE,Compass
106,61319644,"26 Stillman St APT 2-1, Boston, MA 02113",Stillman St APT 2-1,Boston,MA,2113,1299000,1331800,2,2,978,1328,1328.0,CONDO,FOR_SALE,Coldwell Banker Realty - South End
111,81855914,"21 Father Francis Gilday St APT 301, Boston, MA 02118",Father Francis Gilday St APT 301,Boston,MA,2118,899000,968100,2,2,925,971,971.0,CONDO,FOR_SALE,Prevu Real Estate LLC
112,59174060,"77 Myrtle St, Boston, MA 02114",Myrtle St,Boston,MA,2114,3995000,3843600,5,4,1210,3300,1306.8,SINGLE_FAMILY,FOR_SALE,Gibson Sotheby's International Realty
115,67715677,"25 Channel Center St UNIT 1101, Boston, MA 02210",Channel Center St UNIT 1101,Boston,MA,2210,1498000,1481100,2,2,992,1510,1510.0,CONDO,FOR_SALE,Coldwell Banker Realty - Brookline
122,81858987,"162 Salem St APT 5, Boston, MA 02113",Salem St APT 5,Boston,MA,2113,525000,537500,1,1,961,546,546.0,CONDO,FOR_SALE,Compass
129,81855959,"12 Worcester Sq APT 1, Boston, MA 02118",Worcester Sq APT 1,Boston,MA,2118,1695000,1907000,3,3,830,2040,2178.0,CONDO,FOR_SALE,Sprogis & Neale Real Estate
134,67709607,"12 Isabella St APT 1, Boston, MA 02116",Isabella St APT 1,Boston,MA,2116,1265000,1265000,2,3,1125,1124,1050.0,CONDO,FOR_SALE,Keller Williams Realty Boston-Metro | Back Bay
141,123845214,"580 Washington St #3, Boston, MA 02111",Washington St #3,Boston,MA,2111,3250000,2976000,3,3,1726,1882,1882.0,CONDO,FOR_SALE,Compass
142,59169456,"28 Irving St, Boston, MA 02114",Irving St,Boston,MA,2114,2795000,2753100,3,3,1439,1941,650.0,SINGLE_FAMILY,FOR_SALE,Compass
150,90136195,"99-105 Broad St #8B, Boston, MA 02110",105 Broad St #8B,Boston,MA,2110,1495000,1345200,2,2,1111,1345,1345.0,CONDO,FOR_SALE,Compass
155,59174087,"25 Revere St APT 3, Boston, MA 02114",Revere St APT 3,Boston,MA,2114,1365000,1365000,3,2,1275,1070,1070.0,CONDO,FOR_SALE,Olde Forge Realty
157,59164504,"300 Commercial St APT 512, Boston, MA 02109",Commercial St APT 512,Boston,MA,2109,539900,555300,1,1,935,577,577.0,CONDO,FOR_SALE,"Bento Real Estate Group, Inc."
163,2069513617,"202 Maverick St #105, Boston, MA 02128",Maverick St #105,Boston,MA,2128,519000,519000,1,1,857,605,8049.0,CONDO,FOR_SALE,Boston Harbor Real Estate
164,2065671953,"23 Bradford St #2, Boston, MA 02118",Bradford St #2,Boston,MA,2118,1995000,1995000,3,3,1040,1918,1918.0,CONDO,FOR_SALE,McCormack & Scanlan Real Estate
180,59174085,"25 Revere St APT 1, Boston, MA 02114",Revere St APT 1,Boston,MA,2114,1275000,1269100,2,2,1307,975,975.0,CONDO,FOR_SALE,Olde Forge Realty
181,81857238,"44 Prince St APT 504, Boston, MA 02113",Prince St APT 504,Boston,MA,2113,1995000,1961700,3,2,1212,1645,1742.4,CONDO,FOR_SALE,Coldwell Banker Realty - Back Bay
187,59101062,"4 Lexington St, Boston, MA 02129",Lexington St,Boston,MA,2129,1549000,1537600,3,3,687,2254,982.0,SINGLE_FAMILY,FOR_SALE,Reitz Realty Group
188,59175437,"85 E India Row APT 25G, Boston, MA 02110",E India Row APT 25G,Boston,MA,2110,1225000,1223700,2,2,1007,1216,1306.8,CONDO,FOR_SALE,Camdan Realty LLC
189,59106078,"3 Magnolia Pl, Boston, MA 02125",Magnolia Pl,Boston,MA,2125,950000,951500,4,2,519,1830,3103.0,MULTI_FAMILY,FOR_SALE,eXp Realty
198,81857648,"80 Broad St UNIT 808, Boston, MA 02110",Broad St UNIT 808,Boston,MA,2110,1299000,1278500,2,2,1112,1168,1306.8,CONDO,FOR_SALE,Broad Street Boutique Realty LLC
200,59101748,"54 Monadnock St #2, Boston, MA 02125",Monadnock St #2,Boston,MA,2125,444900,445600,2,1,383,1161,1306.8,CONDO,FOR_SALE,Century 21 Shawmut Properties
209,59182523,"43 Upton St APT 2, Boston, MA 02118",Upton St APT 2,Boston,MA,2118,675000,686400,1,1,924,730,871.2,CONDO,FOR_SALE,RE/MAX Destiny
212,59173451,"16 Charles River Sq, Boston, MA 02114",Charles River Sq,Boston,MA,2114,4950000,4810200,5,5,1146,4318,2178.0,SINGLE_FAMILY,FOR_SALE,William Raveis R.E. & Home Services
219,189950372,"41-43 Phillips St UNIT 13, Boston, MA 02114",43 Phillips St UNIT 13,Boston,MA,2114,2150000,2128700,2,3,1571,1368,1368.0,CONDO,FOR_SALE,Gibson Sotheby's International Realty
220,2089670549,"158 F St APT 2, Boston, MA 02127",F St APT 2,Boston,MA,2127,529000,538000,1,1,958,552,552.0,CONDO,FOR_SALE,Fitzpatrick Real Estate
221,63042153,"1313 Washington St APT 201, Boston, MA 02118",Washington St APT 201,Boston,MA,2118,1995000,1995000,3,3,1040,1918,1918.0,CONDO,FOR_SALE,Compass
231,2102089728,"6 Kemble Pl, Boston, MA 02127",Kemble Pl,Boston,MA,2127,1585000,1567200,3,3,1000,1585,900.0,SINGLE_FAMILY,FOR_SALE,Coldwell Banker Realty - Arlington
233,2107682803,"7 Anderson St, Boston, MA 02114",Anderson St,Boston,MA,2114,6470000,6188400,19,10,860,7520,1742.4,MULTI_FAMILY,FOR_SALE,Presidential Properties
234,2109488118,"37 Joy St, Boston, MA 02114",Joy St,Boston,MA,2114,6900000,6591000,9,15,838,8232,1917.0,MULTI_FAMILY,FOR_SALE,Presidential Properties
239,2079779704,"47 Revere St, Boston, MA 02114",Revere St,Boston,MA,2114,4250000,4065000,7,10,951,4466,1066.0,MULTI_FAMILY,FOR_SALE,Compass
243,81859244,"210 South St UNIT 115, Boston, MA 02111",South St UNIT 115,Boston,MA,2111,824999,825000,1,1,789,1045,1045.0,CONDO,FOR_SALE,Compass
249,59165806,"80 Broadway St #2A, Boston, MA 02116",Broadway St #2A,Boston,MA,2116,934900,934300,2,2,812,1151,1306.8,CONDO,FOR_SALE,Gibson Sotheby's International Realty
253,102987634,"400 Stuart St #19A, Boston, MA 02116",Stuart St #19A,Boston,MA,2116,3695000,3695000,3,3,2058,1795,1782.0,CONDO,FOR_SALE,Gibson Sotheby's International Realty
256,2096000383,"433 Shawmut Ave #1, Boston, MA 02118",Shawmut Ave #1,Boston,MA,2118,3995000,3821100,4,4,1009,3958,2183.0,CONDO,FOR_SALE,Sprogis & Neale Real Estate
257,63042158,"1313 Washington St APT 206, Boston, MA 02118",Washington St APT 206,Boston,MA,2118,2295000,2276900,3,2,1175,1952,1952.0,CONDO,FOR_SALE,Gibson Sotheby's International Realty
259,59163389,"6 Whittier Pl APT 16L, Boston, MA 02114",Whittier Pl APT 16L,Boston,MA,2114,439000,424600,1,1,809,542,542.0,CONDO,FOR_SALE,Engel & Volkers Boston
262,59212673,"151 Tremont St APT 6C, Boston, MA 02111",Tremont St APT 6C,Boston,MA,2111,649000,650100,1,1,882,735,871.2,CONDO,FOR_SALE,Coldwell Banker Realty - Back Bay
265,81859030,"50 Fleet St #402, Boston, MA 02109",Fleet St #402,Boston,MA,2109,2325000,2261100,3,3,1379,1686,1742.4,CONDO,FOR_SALE,"Luxury Residential Group, LLC"
274,63711325,"2 Rollins St APT D604, Boston, MA 02118",Rollins St APT D604,Boston,MA,2118,1349000,1349000,1,2,1285,1049,1049.0,CONDO,FOR_SALE,Gibson Sotheby's International Realty
279,59174732,"48 Beacon St APT 3R, Boston, MA 02108",Beacon St APT 3R,Boston,MA,2108,1699000,1660800,2,2,1304,1302,1306.8,CONDO,FOR_SALE,Compass
280,2065882596,"134 Fulton St #5, Boston, MA 02109",Fulton St #5,Boston,MA,2109,1395000,1395000,2,2,866,1609,1742.4,CONDO,FOR_SALE,CL Properties
293,2071564666,"9 W Broadway #618, Boston, MA 02127",W Broadway #618,Boston,MA,2127,2700000,2647100,3,4,1037,2603,2613.6,CONDO,FOR_SALE,Coldwell Banker Realty - Back Bay
294,59163175,"6 Whittier Pl APT 2D, Boston, MA 02114",Whittier Pl APT 2D,Boston,MA,2114,679900,679700,2,2,564,1205,1306.8,CONDO,FOR_SALE,Moor Realty Group
296,2098315913,"12 O St, Boston, MA 02127",O St,Boston,MA,2127,2950000,2950000,6,6,794,3714,2680.0,MULTI_FAMILY,FOR_SALE,Boston Realty Advisors
297,2066046605,"28-30 Mercer St, Boston, MA 02127",30 Mercer St,Boston,MA,2127,2999000,2999000,11,6,375,7993,4356.0,MULTI_FAMILY,FOR_SALE,Boston Realty Advisors
300,59175698,"3 Appleton St APT 101, Boston, MA 02116",Appleton St APT 101,Boston,MA,2116,1149000,1148000,2,1,951,1207,1306.8,CONDO,FOR_SALE,Compass
303,61319785,"1 Avery St APT 29C, Boston, MA 02111",Avery St APT 29C,Boston,MA,2111,1895000,1854400,2,3,1259,1504,1504.0,CONDO,FOR_SALE,Compass
305,59173446,"22 Charles River Sq, Boston, MA 02114",Charles River Sq,Boston,MA,2114,5495000,5321900,4,5,1385,3966,1306.8,SINGLE_FAMILY,FOR_SALE,Campion & Company Fine Homes Real Estate
308,59166308,"17 Louisburg Sq, Boston, MA 02108",Louisburg Sq,Boston,MA,2108,15500000,15063000,5,6,2071,7482,1923.0,SINGLE_FAMILY,FOR_SALE,Campion & Company Fine Homes Real Estate
315,2066967614,"226 Saratoga St FLOOR 1, Boston, MA 02128",Saratoga St FLOOR 1,Boston,MA,2128,689000,689000,3,4,478,1441,2613.6,CONDO,FOR_SALE,Boston Harbor Real Estate
345,2113840078,"63 Atlantic Ave STE 9B, Boston, MA 02110",Atlantic Ave STE 9B,Boston,MA,2110,2125000,2093100,2,2,1589,1337,1337.0,CONDO,FOR_SALE,CL Properties
348,59166442,"6 Goodwin Pl APT 1, Boston, MA 02114",Goodwin Pl APT 1,Boston,MA,2114,460000,463700,0,1,1204,382,435.6,CONDO,FOR_SALE,Olde Forge Realty
358,2066473638,"204 E Eagle St FLOOR 1, Boston, MA 02128",E Eagle St FLOOR 1,Boston,MA,2128,559000,559000,2,2,666,839,2178.0,CONDO,FOR_SALE,Compass
367,59175907,"5 Lawrence St, Boston, MA 02116",Lawrence St,Boston,MA,2116,2250000,2361600,3,2,1052,2138,871.2,SINGLE_FAMILY,FOR_SALE,Realty Executives
370,2090909564,"330 E St APT 5, Boston, MA 02127",E St APT 5,Boston,MA,2127,889000,901300,2,1,697,1275,1306.8,CONDO,FOR_SALE,Gibson Sotheby's International Realty
373,2104647940,"414 Commercial St UNIT 1A, Boston, MA 02109",Commercial St UNIT 1A,Boston,MA,2109,1775000,1709900,3,3,898,1975,999.0,CONDO,FOR_SALE,Compass
384,90136659,"42 Beach St #8C, Boston, MA 02111",Beach St #8C,Boston,MA,2111,638000,647400,1,1,840,759,871.2,CONDO,FOR_SALE,Central Real Estate
392,59163526,"8 Whittier Pl APT 14F, Boston, MA 02114",Whittier Pl APT 14F,Boston,MA,2114,624900,635300,1,1,688,908,871.2,CONDO,FOR_SALE,The Greene Realty Group
404,59101725,"79 Wayland St, Boston, MA 02125",Wayland St,Boston,MA,2125,425000,439400,2,2,433,980,1788.0,SINGLE_FAMILY,FOR_SALE,Keller Williams Realty
408,2066559353,"538 Tremont St #1-4, Boston, MA 02118",Tremont St #1-4,Boston,MA,2118,4750000,4750000,4,4,1079,4400,1306.8,MULTI_FAMILY,FOR_SALE,Keller Williams Realty Boston-Metro | Back Bay
416,59165029,"2 Clarendon St APT 401, Boston, MA 02116",Clarendon St APT 401,Boston,MA,2116,799000,815000,1,1,1133,705,871.2,CONDO,FOR_SALE,Coldwell Banker Realty - Back Bay
417,59176190,"34 Commonwealth Ave APT 1, Boston, MA 02116",Commonwealth Ave APT 1,Boston,MA,2116,1749000,1727900,1,2,1245,1404,1306.8,CONDO,FOR_SALE,Berkshire Hathaway HomeServices Commonwealth Real Estate
419,71546174,"3 Avery St UNIT 607, Boston, MA 02111",Avery St UNIT 607,Boston,MA,2111,659000,631500,1,2,617,1067,1067.0,CONDO,FOR_SALE,Compass
424,59212188,"454 Hanover St APT 3, Boston, MA 02113",Hanover St APT 3,Boston,MA,2113,565000,580400,1,1,888,636,636.0,CONDO,FOR_SALE,MGS Group Real Estate LTD
426,2069214840,"33 Sleeper St #602-603, Boston, MA 02210",Sleeper St #602-603,Boston,MA,2210,1625000,1571400,0,2,948,1713,1742.4,CONDO,FOR_SALE,Compass
430,2099167865,"489 E Broadway, Boston, MA 02127",E Broadway,Boston,MA,2127,3795000,3678600,12,5,633,5990,2178.0,MULTI_FAMILY,FOR_SALE,Greater Metropolitan R. E.
434,59212197,"464 Hanover St APT 14, Boston, MA 02113",Hanover St APT 14,Boston,MA,2113,650000,661200,2,1,883,736,871.2,CONDO,FOR_SALE,Coldwell Banker Realty - Back Bay
439,2066637793,"204 E Eagle St FLOOR 3, Boston, MA 02128",E Eagle St FLOOR 3,Boston,MA,2128,609000,609000,2,2,731,833,2178.0,CONDO,FOR_SALE,Compass
450,59183684,"18 E Springfield St APT 4, Boston, MA 02118",E Springfield St APT 4,Boston,MA,2118,825000,840100,2,1,1095,753,871.2,CONDO,FOR_SALE,"Good School Realty, Inc."
451,71545967,"3 Avery St UNIT 406, Boston, MA 02111",Avery St UNIT 406,Boston,MA,2111,699000,704600,1,2,543,1286,1306.8,CONDO,FOR_SALE,Coldwell Banker Realty - Hingham
466,2066747292,"194 E St #1, Boston, MA 02127",E St #1,Boston,MA,2127,699000,699000,2,1,873,800,871.2,CONDO,FOR_SALE,Compass
470,61319753,"1 Avery St APT 21B, Boston, MA 02111",Avery St APT 21B,Boston,MA,2111,3300000,3084800,3,5,1237,2667,2667.0,CONDO,FOR_SALE,William Raveis R.E. & Home Services
472,71558231,"15 River St APT 706, Boston, MA 02108",River St APT 706,Boston,MA,2108,679000,684500,1,1,1308,519,519.0,CONDO,FOR_SALE,"Red Brick Real Estate, LLC"
479,2076438176,"45 Lewis St UNIT 406, Boston, MA 02128",Lewis St UNIT 406,Boston,MA,2128,865000,865000,1,1,1147,754,10018.8,CONDO,FOR_SALE,Compass
480,67709708,"1 Charles St #808, Boston, MA 02114",Charles St #808,Boston,MA,2114,659000,645100,0,1,1091,604,607.0,CONDO,FOR_SALE,Keller Williams Realty Boston-Metro | Back Bay
481,59181141,"38 Charter St APT 9, Boston, MA 02113",Charter St APT 9,Boston,MA,2113,579000,587400,3,2,824,702,10018.8,CONDO,FOR_SALE,Anzalone Realty
509,113389948,"69 Hancock St, Boston, MA 02114",Hancock St,Boston,MA,2114,7599000,7266200,4,6,1310,5799,1814.0,SINGLE_FAMILY,FOR_SALE,Coldwell Banker Realty - Back Bay
510,2103780872,"71 Hancock St, Boston, MA 02114",Hancock St,Boston,MA,2114,6495000,6210400,4,5,1091,5948,1801.0,SINGLE_FAMILY,FOR_SALE,Sprogis & Neale Real Estate
512,2068560310,"1400 Columbia Rd #2, Boston, MA 02127",Columbia Rd #2,Boston,MA,2127,839000,838600,2,1,932,900,4516.0,CONDO,FOR_SALE,Barrett Sotheby's International Realty
516,81857272,"80 Broad St UNIT 301, Boston, MA 02110",Broad St UNIT 301,Boston,MA,2110,1750000,1695200,3,3,916,1910,1910.0,CONDO,FOR_SALE,Broad Street Boutique Realty LLC
531,102988140,"400 Stuart St #26A, Boston, MA 02116",Stuart St #26A,Boston,MA,2116,6195000,6002700,4,5,2551,2428,2613.6,CONDO,FOR_SALE,Gibson Sotheby's International Realty
549,2067537844,"465 E 8th St, Boston, MA 02127",E 8th St,Boston,MA,2127,1399000,1367300,4,3,904,1547,2613.6,MULTI_FAMILY,FOR_SALE,Coldwell Banker Realty - Milton
550,59163178,"6 Whittier Pl APT 2G, Boston, MA 02114",Whittier Pl APT 2G,Boston,MA,2114,475000,461900,0,1,746,636,636.0,CONDO,FOR_SALE,RE/MAX Executive Realty
551,59163215,"6 Whittier Pl APT 4N, Boston, MA 02114",Whittier Pl APT 4N,Boston,MA,2114,741500,727900,2,2,572,1296,1306.8,CONDO,FOR_SALE,RE/MAX Executive Realty
553,59174557,"43 Commercial Wharf APT 8, Boston, MA 02110",Commercial Wharf APT 8,Boston,MA,2110,2100000,2052100,2,2,1235,1700,1306.8,CONDO,FOR_SALE,Compass
555,2067630781,"592A E Broadway, Boston, MA 02127",E Broadway,Boston,MA,2127,3199000,3149500,6,9,722,4425,1829.0,MULTI_FAMILY,FOR_SALE,Compass
558,90136957,"42 Beach St #3D, Boston, MA 02111",Beach St #3D,Boston,MA,2111,625000,614500,1,2,707,884,884.0,CONDO,FOR_SALE,Elevate Real Estate
567,189950691,"86 Chestnut St, Boston, MA 02108",Chestnut St,Boston,MA,2108,6480000,6180900,4,5,1796,3607,1458.0,SINGLE_FAMILY,FOR_SALE,MGS Group Real Estate LTD
574,102987610,"400 Stuart St #26D, Boston, MA 02116",Stuart St #26D,Boston,MA,2116,2725000,2668600,2,3,1814,1502,1502.0,CONDO,FOR_SALE,Campion & Company Fine Homes Real Estate
575,2088983203,"9 Worcester St #1, Boston, MA 02118",Worcester St #1,Boston,MA,2118,945000,931100,1,2,601,1570,1742.4,CONDO,FOR_SALE,Compass
577,2067842637,"30 Condor St #6, Boston, MA 02128",Condor St #6,Boston,MA,2128,899000,899000,2,3,684,1314,5227.2,CONDO,FOR_SALE,Coldwell Banker Realty - Back Bay
589,2067920505,"340 W 2nd St #9B, Boston, MA 02127",W 2nd St #9B,Boston,MA,2127,1540000,1515200,3,3,894,1721,0.29,CONDO,FOR_SALE,Herion Karbunara
590,59173220,"129 Pinckney St, Boston, MA 02114",Pinckney St,Boston,MA,2114,3675000,3523000,5,4,877,4188,1306.8,SINGLE_FAMILY,FOR_SALE,Engel & Volkers Boston
591,67710109,"1 Charles St #501, Boston, MA 02114",Charles St #501,Boston,MA,2114,895000,877500,1,1,1234,725,871.2,CONDO,FOR_SALE,Broad Street Boutique Realty LLC
595,71558209,"16 Stillman St APT 3, Boston, MA 02113",Stillman St APT 3,Boston,MA,2113,420000,409700,1,1,958,438,438.0,CONDO,FOR_SALE,Compass
596,71546649,"16 Stillman St APT 4, Boston, MA 02113",Stillman St APT 4,Boston,MA,2113,480000,466900,1,1,963,498,498.0,CONDO,FOR_SALE,Compass
600,2068405421,"88 White St #88, Boston, MA 02128",White St #88,Boston,MA,2128,899000,894200,2,3,578,1554,0.07,CONDO,FOR_SALE,Gibson Sotheby's International Realty
601,2068405707,"88 White St, Boston, MA 02128",White St,Boston,MA,2128,899000,891200,2,3,578,1554,0.07,SINGLE_FAMILY,FOR_SALE,Gibson Sotheby's International Realty
602,59164354,"100 Fulton St APT 1M, Boston, MA 02109",Fulton St APT 1M,Boston,MA,2109,1290000,1260500,3,2,579,2226,2226.0,CONDO,FOR_SALE,Coldwell Banker Realty - Back Bay
603,2068436212,"340 W 2nd St UNIT 8, Boston, MA 02127",W 2nd St UNIT 8,Boston,MA,2127,1620000,1605900,3,3,966,1676,0.29,CONDO,FOR_SALE,Herion Karbunara
609,190073274,"407-409 Shawmut Ave #6, Boston, MA 02118",409 Shawmut Ave #6,Boston,MA,2118,2595000,2550300,2,3,1064,2438,2613.6,CONDO,FOR_SALE,MGS Group Real Estate LTD
610,63709848,"485-495 Harrison Ave #202, Boston, MA 02118",495 Harrison Ave #202,Boston,MA,2118,879000,864000,1,1,722,1217,1306.8,CONDO,FOR_SALE,MV of Massachusetts LLC
611,59174448,"54 Pinckney St, Boston, MA 02114",Pinckney St,Boston,MA,2114,6350000,6072000,5,6,1660,3825,1344.0,SINGLE_FAMILY,FOR_SALE,Berkshire Hathaway HomeServices Warren Residential
614,59180675,"13 Hancock St, Boston, MA 02114",Hancock St,Boston,MA,2114,2990000,2837500,5,4,709,4212,0.03,SINGLE_FAMILY,FOR_SALE,Campion & Company Fine Homes Real Estate
616,2068770560,"65 E India Row #27ABC, Boston, MA 02110",E India Row #27ABC,Boston,MA,2110,2449000,2296500,3,4,677,3616,1742.4,CONDO,FOR_SALE,Compass
617,67709760,"1 Nassau St UNIT 1209, Boston, MA 02111",Nassau St UNIT 1209,Boston,MA,2111,950000,924300,4,2,733,1295,1306.8,CONDO,FOR_SALE,Coldwell Banker Realty - Back Bay
620,59172210,"33 Sleeper St APT 603, Boston, MA 02210",Sleeper St APT 603,Boston,MA,2210,839500,825700,0,1,967,868,871.2,CONDO,FOR_SALE,Compass
628,59172798,"50 Brimmer St, Boston, MA 02108",Brimmer St,Boston,MA,2108,4449000,4099300,3,5,1400,3177,1306.8,SINGLE_FAMILY,FOR_SALE,Gibson Sotheby's International Realty
630,59163896,"20 Rowes Wharf APT 309, Boston, MA 02110",Rowes Wharf APT 309,Boston,MA,2110,2875000,2706600,2,3,1457,1973,1973.0,CONDO,FOR_SALE,CL Properties
639,59174642,"52 Beacon St, Boston, MA 02108",Beacon St,Boston,MA,2108,9500000,4415300,4,5,1746,5438,0.07,CONDO,FOR_SALE,Campion & Company Fine Homes Real Estate
649,59184093,"121 W Concord St #1, Boston, MA 02118",W Concord St #1,Boston,MA,2118,1575000,1558300,2,2,958,1643,1742.4,CONDO,FOR_SALE,Keller Williams Realty Boston-Metro | Back Bay
655,2093376007,"1 Claremont Park #1, Boston, MA 02118",Claremont Park #1,Boston,MA,2118,997500,1724000,2,2,980,1017,1017.0,CONDO,FOR_SALE,Gibson Sotheby's International Realty
658,59211877,"1 Huntington Ave PENTHOUSE 1802, Boston, MA 02116",Huntington Ave PENTHOUSE 1802,Boston,MA,2116,8250000,7907700,3,4,2880,2864,3049.2,CONDO,FOR_SALE,Gibson Sotheby's International Realty
661,59183902,"2 Presby Pl, Boston, MA 02119",Presby Pl,Boston,MA,2119,445000,451700,3,2,371,1199,871.2,SINGLE_FAMILY,FOR_SALE,Berkshire Hathaway HomeServices Commonwealth Real Estate
662,190039888,"21 Forest St #23, Boston, MA 02119",Forest St #23,Boston,MA,2119,850000,850000,5,3,371,2288,6098.4,MULTI_FAMILY,FOR_SALE,Signal Real Estate
666,59176734,"160 Commonwealth Ave APT 403, Boston, MA 02116",Commonwealth Ave APT 403,Boston,MA,2116,1050000,1049600,2,1,979,1072,1072.0,CONDO,FOR_SALE,Engel & Volkers Boston
674,59165356,"38-40 Saint Botolph St UNIT 4, Boston, MA 02116",40 Saint Botolph St UNIT 4,Boston,MA,2116,484000,484800,0,1,952,508,508.0,CONDO,FOR_SALE,RE/MAX Andrew Realty Services
683,59211865,"1 Huntington Ave APT 807, Boston, MA 02116",Huntington Ave APT 807,Boston,MA,2116,2200000,2154100,2,2,1643,1339,10018.8,CONDO,FOR_SALE,Keller Williams Realty Boston-Metro | Back Bay
684,59170902,"191 Commonwealth Ave APT 3, Boston, MA 02116",Commonwealth Ave APT 3,Boston,MA,2116,3250000,3127000,3,3,1399,2323,2323.0,CONDO,FOR_SALE,Compass
687,59184321,"570 Massachusetts Ave #5, Boston, MA 02118",Massachusetts Ave #5,Boston,MA,2118,1150000,1121100,3,2,1013,1135,1135.0,CONDO,FOR_SALE,News Realty LLC
689,90141331,"776 Boylston St UNIT W11A, Boston, MA 02199",Boylston St UNIT W11A,Boston,MA,2199,10800000,10135400,2,3,3409,3168,3168.0,CONDO,FOR_SALE,MGS Group Real Estate LTD
690,90141579,"776 Boylston St PENTHOUSE 1D, Boston, MA 02199",Boylston St PENTHOUSE 1D,Boston,MA,2199,4750000,5114600,2,3,2392,1985,2178.0,CONDO,FOR_SALE,Gibson Sotheby's International Realty
691,59170503,"242 Beacon St APT 8, Boston, MA 02116",Beacon St APT 8,Boston,MA,2116,2995000,2934300,3,3,1508,1986,2178.0,CONDO,FOR_SALE,Coldwell Banker Realty - South End
695,59171846,"180 Beacon St #5G, Boston, MA 02116",Beacon St #5G,Boston,MA,2116,3350000,3274700,3,3,1509,2220,2220.0,CONDO,FOR_SALE,Coldwell Banker Realty - Back Bay
699,59160085,"47 Keystone St, Boston, MA 02132",Keystone St,Boston,MA,2132,649500,686000,3,2,443,1464,3484.8,SINGLE_FAMILY,FOR_SALE,"HMW Real Estate, LLC"
700,59160973,"28 Bungalow Rd, Boston, MA 02132",Bungalow Rd,Boston,MA,2132,459000,477900,2,2,655,700,4356.0,SINGLE_FAMILY,FOR_SALE,Bob Gallagher Real Estate
701,67396170,"777 Lagrange St APT 5, Boston, MA 02132",Lagrange St APT 5,Boston,MA,2132,399900,400500,2,1,650,615,615.0,CONDO,FOR_SALE,"Lamacchia Realty, Inc."
702,189975964,"352R Blue Hill Ave #10, Boston, MA 02121",Blue Hill Ave #10,Boston,MA,2121,449900,456500,3,2,407,1104,1306.8,CONDO,FOR_SALE,Dejahn Renrick
703,333606848,"304-306 Cummins Hwy #1, Boston, MA 02131",306 Cummins Hwy #1,Boston,MA,2131,450000,461800,2,1,443,1015,1015.0,CONDO,FOR_SALE,Unlimited Sotheby's International Realty
708,2146690846,"39 Old Morton St #2, Boston, MA 02126",Old Morton St #2,Boston,MA,2126,719800,719800,2,4,492,1463,7840.8,CONDO,FOR_SALE,Pena Realty Corporation
711,118324465,"4 Woodworth St #1, Boston, MA 02122",Woodworth St #1,Boston,MA,2122,669000,669000,2,3,375,1784,1784.0,CONDO,FOR_SALE,"The Galvin Group, LLC"
712,59109510,"84 Everdean St, Boston, MA 02122",Everdean St,Boston,MA,2122,895000,889200,3,2,801,1116,3600.0,SINGLE_FAMILY,FOR_SALE,William Raveis R.E. & Home Services
718,189938322,"121 Beach St #102, Boston, MA 02111",Beach St #102,Boston,MA,2111,850000,850002,1,2,633,1341,1306.0,CONDO,PENDING,Engel & Volkers Boston
719,67715620,"1 Charles St #1205, Boston, MA 02116",Charles St #1205,Boston,MA,2116,1200000,1183100,2,2,1123,1068,871.0,CONDO,PENDING,Keller Williams Realty Cambridge
722,59179021,"386 Commonwealth Ave APT 23, Boston, MA 02215",Commonwealth Ave APT 23,Boston,MA,2215,690000,745300,2,1,890,775,871.0,CONDO,FOR_SALE,Coldwell Banker Realty - South End
723,59212026,"34 Fayette St #1, Boston, MA 02116",Fayette St #1,Boston,MA,2116,1449900,1430400,3,3,947,1531,1496.0,CONDO,PENDING,McCormack & Scanlan Real Estate
725,59183569,"34 Worcester Sq APT 1, Boston, MA 02118",Worcester Sq APT 1,Boston,MA,2118,1929000,1909800,3,3,871,2213,2400.0,CONDO,PENDING,"Longwood Residential, LLC"
726,59174573,"55 Commercial Wharf APT 4, Boston, MA 02110",Commercial Wharf APT 4,Boston,MA,2110,1150000,1144600,2,1,884,1300,1306.0,CONDO,PENDING,Donnelly + Co.
731,59188434,"1682 Washington St APT 9, Boston, MA 02118",Washington St APT 9,Boston,MA,2118,1100000,1099100,2,2,705,1559,1742.0,CONDO,PENDING,"Luxury Residential Group, LLC"
732,90138053,"285 Columbus Ave UNIT 601, Boston, MA 02116",Columbus Ave UNIT 601,Boston,MA,2116,950000,949600,1,1,1109,856,871.0,CONDO,PENDING,Advisors Living - Back Bay
743,59174916,"9 Chestnut St, Boston, MA 02108",Chestnut St,Boston,MA,2108,7695000,7287700,4,6,1445,5322,1742.0,SINGLE_FAMILY,PENDING,Broad Street Boutique Realty LLC
746,81857945,"80 Broad St UNIT 606, Boston, MA 02110",Broad St UNIT 606,Boston,MA,2110,735000,721100,1,1,967,760,871.0,CONDO,PENDING,"Carpenter and Company, Inc."
747,90136786,"285 Columbus Ave UNIT 803, Boston, MA 02116",Columbus Ave UNIT 803,Boston,MA,2116,1450000,1412800,2,2,1434,1011,871.0,CONDO,PENDING,Boston Realty Net
748,59173636,"66 Revere St, Boston, MA 02114",Revere St,Boston,MA,2114,2395000,2350100,3,4,912,2625,435.0,SINGLE_FAMILY,PENDING,Redfin Corp.
758,63042601,"360 Marlborough St #3, Boston, MA 02115",Marlborough St #3,Boston,MA,2115,2349000,2262100,2,3,1606,1462,1452.0,CONDO,PENDING,Keller Williams Realty Boston-Metro | Back Bay
759,71546584,"3 Avery St UNIT 601, Boston, MA 02111",Avery St UNIT 601,Boston,MA,2111,919000,898600,2,2,629,1460,1460.0,CONDO,PENDING,Unlimited Sotheby's International Realty
767,59168275,"62 Queensberry St APT 206, Boston, MA 02215",Queensberry St APT 206,Boston,MA,2215,340451,338300,1,1,529,643,435.0,CONDO,PENDING,Redfin Corp.
769,2114957263,"222 Calumet St, Boston, MA 02120",Calumet St,Boston,MA,2120,1887500,1683500,8,4,824,2288,4367.0,MULTI_FAMILY,FOR_SALE,"Luxury Residential Group, LLC"
771,59161881,"151 Townsend St, Boston, MA 02121",Townsend St,Boston,MA,2121,780000,786300,8,3,140,5542,7840.0,MULTI_FAMILY,PENDING,Compass
